Name	CAS nr	εr	nD	Kirkwood	f(nD)	g(εr)
(dichloromethyl)benzene	98-87-3	6.9	1.550	0.399	0.412	0.747
1,1,1-trichloroacetone	918-00-3	10.4	1.462	0.431	0.363	0.824
1,1,1-trichloroethane	71-55-6	7.3	1.438	0.403	0.348	0.758
1,1,1-trichlorotrifluoroethane	354-58-5	2.4	1.360	0.245	0.298	0.419
1,1,2,2-tetrabromoethane	79-27-6	7.0	1.628	0.400	0.452	0.750
1,1,2,2-tetrachloroethane	79-34-5	8.4	1.494	0.416	0.381	0.788
1,1,2-trichloro-1,2,2-trifluoroethane	76-13-1	2.4	1.356	0.242	0.295	0.413
1,1,2-trichloroethane	79-00-5	7.3	1.471	0.404	0.368	0.758
1,1,3,3-tetraethylurea	1187-03-7	14.7	1.446	0.451	0.353	0.873
1,1-dichloroethane	75-34-3	10.0	1.416	0.429	0.334	0.818
1,1-dichloroethene	75-35-4	4.7	1.425	0.355	0.340	0.647
1,1-diethoxyethane	105-57-7	3.8	1.381	0.326	0.312	0.583
1,1-diethoxymethane	462-95-3	2.5	1.373	0.252	0.307	0.433
1,1-dimethoxyethane	534-15-6	3.5	1.366	0.312	0.302	0.555
1,10-dichlorodecane	2162-98-3	7.1	1.460	0.401	0.361	0.752
1,2,3,4-tetrachlorobenzene	634-66-2	3.2	1.580	0.297	0.428	0.524
1,2,3,4-tetramethylbenzene	488-23-3	2.6	1.515	0.257	0.393	0.443
1,2,3-propanetriol	56-81-5	47.0	1.475	0.484	0.370	0.958
1,2,3-propanetriyl-tri-(Z)-9-octadecenoate	122-32-7	3.8	1.468	0.326	0.366	0.583
1,2,3-tribromopropane	96-11-7	6.5	1.582	0.392	0.429	0.732
1,2,3-trichloropropane	96-18-4	7.9	1.486	0.411	0.377	0.775
1,2,4-trichlorobenzene	120-82-1	2.2	1.572	0.226	0.424	0.383
1,2-diaminoethane	107-15-3	14.2	1.457	0.449	0.359	0.868
1,2-dibromobenzene	583-53-9	8.1	1.609	0.412	0.443	0.779
1,2-dibromoethane	106-93-4	4.8	1.538	0.357	0.406	0.652
1,2-dibromopropane	78-75-1	4.3	1.520	0.344	0.396	0.623
1,2-dichloro-1,1,2,3,3,3-hexafluoropropan	661-97-2	2.4	1.303	0.240	0.259	0.408
1,2-dichloro-1,2,3,3,4,4-hexafluorocyclobutane	356-18-3	2.5	1.333	0.247	0.280	0.422
1,2-dichlorobenzene	95-50-1	9.9	1.551	0.428	0.413	0.817
1,2-dichloroethane	107-06-2	10.4	1.445	0.431	0.352	0.824
1,2-dichloropropane	78-87-5	8.9	1.439	0.420	0.349	0.799
1,2-difluorobenzene	367-11-3	14.3	1.443	0.449	0.351	0.869
1,2-dimethoxy-4-propenylbenzene	93-16-3	4.7	1.569	0.356	0.422	0.649
1,2-dimethoxybenzene	91-16-7	4.1	1.532	0.337	0.402	0.607
1,2-dimethoxyethane	110-71-4	7.2	1.380	0.403	0.311	0.756
1,2-dimethylbenzene	95-47-6	2.6	1.505	0.256	0.388	0.440
1,2-propanediol	57-55-6	32.0	1.431	0.477	0.344	0.939
1,3,3-trimethyl-2-oxabicyclo[2.2.2]octane	470-82-6	4.8	1.458	0.360	0.360	0.658
1,3,5-trimethylbenzene	108-67-8	2.4	1.499	0.241	0.384	0.412
1,3-dibromobenzene	108-36-1	5.0	1.606	0.364	0.441	0.667
1,3-dichlorobenzene	541-73-1	5.0	1.546	0.364	0.410	0.667
1,3-dichloropropane	142-28-9	9.5	1.449	0.425	0.355	0.810
1,3-difluorobenzene	372-18-9	5.2	1.437	0.369	0.347	0.679
1,3-dimethyl propanedioate	108-59-8	10.3	1.420	0.431	0.337	0.823
1,3-dimethyltetrahydropyrimidin-2(1H)-one	7226-23-5	36.1	1.488	0.480	0.378	0.946
1,3-dioxolan-2-one	96-49-1	89.8	1.420	0.492	0.337	0.978
1,4-butanediol	110-63-4	32.9	1.446	0.478	0.353	0.941
1,4-cyclohexadiene	628-41-1	2.3	1.473	0.228	0.369	0.387
1,4-dichlorobenzene	106-46-7	2.4	1.528	0.242	0.400	0.413
1,4-dichlorobutane	110-56-5	9.7	1.455	0.426	0.358	0.812
1,4-difluorobenzene	540-36-3	2.3	1.441	0.228	0.350	0.387
1,5-cyclooctadiene	111-78-4	2.4	1.493	0.240	0.381	0.408
1-allyl-3,4-methylendioxybenzene	94-59-7	3.1	1.538	0.292	0.406	0.512
1-bromo-2-chloroethane	107-04-0	7.1	1.491	0.402	0.379	0.754
1-bromobutane	109-65-9	7.2	1.439	0.402	0.349	0.755
1-bromonaphthalene	90-11-9	4.8	1.658	0.359	0.467	0.657
1-bromopentane	110-53-2	6.3	1.445	0.390	0.352	0.727
1-bromopropane	106-94-5	8.4	1.355	0.416	0.295	0.788
1-chloro-2,3-epoxypropane	106-89-8	23.0	1.438	0.468	0.348	0.917
1-chloro-3-methylbutane	107-84-6	6.4	1.409	0.391	0.330	0.730
1-chlorobutane	109-69-3	7.4	1.402	0.405	0.326	0.762
1-chloronaphthalene	90-13-1	5.0	1.633	0.364	0.455	0.667
1-chloropentane	543-59-9	6.6	1.412	0.394	0.332	0.737
1-chloropropane	540-54-5	8.5	1.388	0.417	0.317	0.790
1-ethoxynaphthalene	5328-01-8	3.3	1.597	0.303	0.437	0.535
1-fluoropentane	592-50-7	4.2	1.357	0.342	0.296	0.618
1-formylpiperidine	2591-86-8	26.2	1.484	0.472	0.375	0.926
1-hexene	592-41-6	2.1	1.388	0.206	0.317	0.344
1-iodobutane	542-69-8	6.4	1.498	0.391	0.383	0.728
1-iodonaphthalene	90-14-2	4.6	1.702	0.352	0.487	0.640
1-iodopentane	628-17-1	5.8	1.496	0.381	0.382	0.706
1-iodopropane	107-08-4	7.1	1.505	0.401	0.387	0.753
1-methoxy-2-methylbenzene	578-58-5	3.6	1.505	0.316	0.387	0.562
1-methoxy-3-methylbenzene	100-84-5	4.1	1.513	0.336	0.392	0.606
1-methylnaphthalene	90-12-0	2.9	1.618	0.280	0.447	0.489
1-nitropropane	108-03-2	23.2	1.401	0.468	0.325	0.917
1-nonyne	3452-09-3	2.5	1.422	0.252	0.338	0.432
1-pentanethiol	110-66-7	4.6	1.447	0.351	0.353	0.640
1-phenylpropanone	93-55-0	15.5	1.527	0.453	0.400	0.879
1-propenyl-3,4-methylenedioxybenzene	4043-71-4	3.3	1.578	0.303	0.427	0.535
2,2,2-trifluoroethanol	75-89-8	8.6	1.291	0.417	0.250	0.791
2,2,4,4-tetramethyl-3-pentanone	815-24-7	9.4	1.419	0.424	0.336	0.807
2,2,4-trimethylpentane	540-84-1	1.9	1.391	0.193	0.319	0.320
2,2,5,5-tetramethyltetrahydrofuran	15045-43-9	5.0	1.404	0.364	0.327	0.668
2,2-dichloropropane	594-20-7	11.6	1.412	0.438	0.332	0.842
2,2-dimethylpropanenitrile	630-18-2	20.1	1.377	0.464	0.309	0.905
2,3,4,5,6-pentafluorotoluene	771-56-2	1.9	1.402	0.191	0.326	0.317
2,4,6-trimethyl-1,3,5-trioxane	123-63-7	13.9	1.420	0.448	0.337	0.866
2,4,6-trimethylpyridine	108-75-8	12.0	1.498	0.440	0.383	0.846
2,4-dimethyl-3-pentanone	565-80-0	17.1	1.399	0.457	0.324	0.889
2,4-pentanedione	123-54-6	23.1	1.452	0.468	0.357	0.917
2,5,8,11-tetraoxadodecane	112-49-2	7.5	1.423	0.406	0.339	0.765
2,5-dimethyltetrahydrofuran	1003-38-9	3.1	1.394	0.289	0.320	0.506
2,6-di-tert-butylpyridine	585-48-8	3.4	1.473	0.307	0.369	0.544
2,6-difluoropyridine	1513-65-1	107.8	1.437	0.493	0.347	0.982
2,6-dimethyl-4-heptanone	108-83-8	9.9	1.412	0.428	0.332	0.817
2,6-dimethylheptane	1072-05-5	2.0	1.401	0.199	0.325	0.331
2,6-dimethylpyridine	108-48-5	7.3	1.497	0.404	0.383	0.760
2,7-dimethyloctane	1072-16-8	2.0	1.410	0.198	0.331	0.330
2-bromopyridine	109-04-6	24.0	1.572	0.469	0.424	0.920
2-butanol	78-92-2	16.6	1.395	0.456	0.321	0.886
2-butanone	78-93-3	18.5	1.379	0.461	0.311	0.897
2-butanone oxime	96-29-7	3.4	1.443	0.308	0.351	0.545
2-butoxyethanol	111-76-2	5.3	1.417	0.371	0.335	0.683
2-chloro-2-methylpropane	507-20-0	11.0	1.386	0.434	0.315	0.833
2-chloroethanol	107-07-03	25.0	1.442	0.471	0.350	0.923
2-cyanopyridine	100-70-9	93.8	1.529	0.492	0.401	0.979
2-ethoxyethanol	110-80-5	5.3	1.405	0.371	0.328	0.683
2-fluoropyridine	372-48-5	37.3	1.468	0.480	0.366	0.948
2-heptanone	110-43-0	12.0	1.408	0.440	0.329	0.846
2-hexanone	591-78-6	14.6	1.401	0.450	0.325	0.871
2-iodopropane	75-30-9	8.2	1.499	0.414	0.384	0.782
2-methoxy-2-methylpropane	1634-04-4	4.5	1.369	0.350	0.304	0.636
2-methoxyethanol	109-86-4	16.9	1.402	0.457	0.326	0.888
2-methoxyphenol	90-5-1	11.7	1.544	0.439	0.409	0.843
2-methyl-1-propanol	78-83-1	16.7	1.396	0.456	0.322	0.887
2-methyl-2-butanol	75-85-4	5.8	1.405	0.381	0.328	0.707
2-methyl-2-nitropropane	594-70-7	23.7	1.397	0.469	0.322	0.919
2-methyl-2-phenylpropane	98-06-6	2.4	1.493	0.240	0.380	0.408
2-methyl-2-propanamine	74-64-9	4.3	1.379	0.344	0.311	0.623
2-methyl-2-propanol	75-65-0	10.9	1.387	0.434	0.316	0.832
2-methylbenzonitrile	529-19-1	18.5	1.528	0.461	0.400	0.897
2-methylcyclohexanol	583-59-5	13.5	1.462	0.446	0.363	0.862
2-methylpropanenitrile	78-82-0	20.8	1.372	0.465	0.306	0.908
2-methylpropanoic acid	79-31-2	2.6	1.393	0.258	0.320	0.444
2-methylpropyl acetate	110-19-0	5.6	1.390	0.377	0.318	0.697
2-methylpropylamine	78-81-9	4.4	1.397	0.347	0.322	0.630
2-methylpyridine	109-06-8	9.8	1.501	0.427	0.385	0.815
2-methyltetrahydrofuran	96-47-9	7.0	1.407	0.400	0.329	0.749
2-nitropropane	79-46-9	25.5	1.392	0.471	0.319	0.925
2-octanone	111-13-7	10.4	1.415	0.431	0.334	0.824
2-pentanone	107-87-9	15.5	1.390	0.453	0.318	0.878
2-phenylacetonitrile	140-29-4	18.3	1.523	0.460	0.398	0.896
2-phenylethanol	60-12-8	13.0	1.532	0.444	0.402	0.857
2-propanol	67-63-0	19.9	1.377	0.463	0.310	0.904
2-propanone	67-41-1	20.7	1.359	0.465	0.297	0.908
2-propen-1-amine	107-11-9	6.0	1.421	0.384	0.338	0.713
2-propene-1-ol	107-18-6	21.0	1.412	0.465	0.332	0.909
2-propenenitrile	107-13-1	33.0	1.391	0.478	0.319	0.941
2-propyn-1-amine	2450-71-7	6.7	1.448	0.395	0.354	0.739
2-undecanone	112-12-9	8.4	1.429	0.416	0.343	0.787
3,3-dimethyl-2-butanone	75-97-8	12.7	1.397	0.443	0.322	0.854
3,4-dimethylpyridine	583-58-4	11.5	1.511	0.437	0.391	0.840
3,6,9-trioxaundecane	112-36-7	5.7	1.411	0.379	0.331	0.701
3-bromopropene	106-95-6	7.0	1.470	0.400	0.367	0.750
3-bromopyridine	626-55-1	9.9	1.570	0.428	0.423	0.816
3-chloropropene	107-05-1	8.2	1.416	0.414	0.334	0.783
3-chloropropyne	624-65-7	7.6	1.434	0.407	0.346	0.766
3-heptanone	106-35-4	12.9	1.409	0.444	0.330	0.856
3-iodopropene	556-56-9	6.1	1.554	0.386	0.414	0.718
3-isothiocyanatopropene	57-06-7	17.2	1.527	0.458	0.400	0.890
3-methyl-1-butanol	123-51-3	15.2	1.401	0.452	0.325	0.877
3-methyl-2-butanone	563-80-4	16.6	1.388	0.456	0.317	0.886
3-methylbutanoic acid	503-74-2	2.6	1.403	0.258	0.326	0.444
3-methylbutyl acetate	123-92-2	5.6	1.400	0.377	0.324	0.697
3-methylcyclohexanol	591-23-1	12.3	1.458	0.441	0.360	0.850
3-methyloxazolidin-2-one	19836-78-3	79.3	1.454	0.491	0.358	0.975
3-methylphenol	108-39-4	11.5	1.540	0.438	0.407	0.840
3-methylpyridine	108-99-6	11.1	1.507	0.435	0.388	0.835
3-methylsulfolane	872-93-5	29.4	1.477	0.475	0.371	0.934
3-pentanone	96-22-0	17.3	1.392	0.458	0.319	0.891
4,5-dichloro-1,3-dioxolan-2-one	3967-55-3	34.4	1.463	0.478	0.363	0.943
4-heptanone	123-19-3	12.6	1.407	0.443	0.329	0.853
4-methyl-2-oxo-1,3-dioxolane	108-32-7	64.9	1.421	0.489	0.338	0.970
4-methyl-2-pentanone	108-10-1	13.1	1.396	0.445	0.322	0.858
4-methylanisole	104-93-8	4.0	1.512	0.334	0.391	0.602
4-methylcyclohexanol	589-91-3	13.3	1.456	0.446	0.359	0.860
4-methylpentanenitrile	542-54-1	15.0	1.406	0.452	0.328	0.875
4-methylpyridine	108-89-4	12.3	1.505	0.441	0.387	0.849
5-nonanone	502-56-7	10.6	1.420	0.432	0.337	0.828
acetaldoxime	107-29-9	3.4	1.426	0.308	0.341	0.545
acetic acid	64-19-7	6.2	1.372	0.388	0.306	0.722
acetic anhydride	108-24-7	20.0	1.390	0.463	0.318	0.905
acetonitrile	75-05-8	37.5	1.344	0.480	0.287	0.948
acetophenone	98-86-2	17.4	1.533	0.458	0.403	0.891
acetyl chloride	75-36-5	15.8	1.390	0.454	0.318	0.881
aniline	62-53-3	6.7	1.583	0.396	0.430	0.740
benzene	71-43-2	2.3	1.501	0.230	0.385	0.390
benzonitrile	100-47-0	26.0	1.528	0.472	0.400	0.926
benzyl acetate	140-11-4	5.1	1.523	0.366	0.398	0.672
benzyl alcohol	100-51-6	13.0	1.540	0.444	0.407	0.857
benzyl chloride	100-44-7	7.0	1.539	0.400	0.406	0.750
benzyl ethyl ether	539-30-0	3.9	1.496	0.330	0.382	0.592
benzylamine	100-46-9	4.6	1.544	0.353	0.409	0.643
bis(2-chloroethyl) ether	111-44-4	20.8	1.457	0.465	0.360	0.908
bis(2-methoxyethyl) ether	111-96-6	7.3	1.408	0.404	0.329	0.759
bis(2-methylpropyl)amine	110-96-3	2.7	1.409	0.266	0.330	0.459
bis(3-methylbutyl) ether	544-01-4	2.8	1.409	0.274	0.330	0.476
bis(3-methylbutyl)amine	544-00-3	2.5	1.423	0.250	0.339	0.429
bromobenzene	108-86-1	5.4	1.559	0.373	0.417	0.688
bromoethane	74-96-4	4.9	1.425	0.361	0.340	0.661
bromotrichloromethane	75-62-7	2.5	1.506	0.247	0.388	0.424
butanal	123-72-8	13.4	1.394	0.446	0.321	0.861
butane	106-97-8	1.8	1.333	0.170	0.279	0.278
butanenitrile	109-74-0	20.7	1.384	0.465	0.314	0.908
butanethiol	109-79-5	5.0	1.443	0.362	0.351	0.664
butanoic acid	107-92-6	2.8	1.398	0.273	0.323	0.474
butanol	71-36-3	17.5	1.399	0.458	0.324	0.892
butyl acetate	123-86-4	5.0	1.394	0.364	0.321	0.667
butyl nitrate	928-45-0	13.1	1.406	0.445	0.328	0.858
butylamine	109-73-9	5.4	1.401	0.373	0.325	0.688
butyric anhydride	106-31-0	12.8	1.413	0.444	0.333	0.855
carbon disulfide	75-15-0	2.6	1.628	0.261	0.452	0.451
chloroacetonitrile	107-14-2	30.0	1.424	0.475	0.339	0.935
chlorobenzene	108-90-7	5.6	1.525	0.377	0.398	0.698
chlorocyclohexane	542-18-7	7.6	1.462	0.407	0.363	0.767
cis-1,2-dichloroethene	156-59-2	9.2	1.446	0.423	0.353	0.804
cis-decalin	493-01-6	2.2	1.480	0.225	0.373	0.381
cumene	98-82-8	2.4	1.491	0.240	0.379	0.409
cycloheptane	291-64-5	2.1	1.445	0.209	0.352	0.351
cycloheptatriene	544-25-2	2.5	1.517	0.253	0.394	0.435
cyclohexanamine	108-91-8	4.4	1.459	0.348	0.361	0.632
cyclohexane	110-82-7	1.9	1.426	0.185	0.341	0.306
cyclohexanol	108-93-0	15.0	1.465	0.452	0.364	0.875
cyclohexanone	108-94-1	18.2	1.448	0.460	0.354	0.896
cyclohexene	110-83-8	2.2	1.447	0.224	0.354	0.379
cyclooctane	292-64-8	2.1	1.459	0.214	0.361	0.359
cyclooctatetraene	629-20-9	2.5	1.538	0.247	0.406	0.422
cyclopentane	287-92-7	1.8	1.406	0.179	0.328	0.296
cyclopentanol	96-41-3	18.0	1.453	0.459	0.357	0.895
cyclopentanone	120-92-3	14.5	1.437	0.450	0.347	0.871
decane	124-18-5	2.0	1.408	0.194	0.329	0.322
decanol	112-30-1	8.1	1.437	0.413	0.347	0.780
di-n-butyl phthalate	84-74-2	6.4	1.493	0.392	0.381	0.731
di-n-butyl sulfide	544-40-1	4.4	1.453	0.347	0.357	0.630
di-tert-butyl ether	6163-66-2	3.1	1.394	0.289	0.320	0.506
diallylamine	124-02-7	3.8	1.441	0.325	0.350	0.582
dibenzyl ether	103-50-4	3.9	1.561	0.328	0.418	0.588
dibromomethane	74-95-3	7.8	1.541	0.410	0.407	0.773
dibutyl ether	142-96-1	3.1	1.397	0.292	0.322	0.512
dichloromethane	75-09-2	8.9	1.424	0.420	0.340	0.799
diethyl (2E)-2-butenedioate	623-91-6	6.6	1.441	0.394	0.350	0.735
diethyl carbonate	105-58-8	3.1	1.384	0.292	0.314	0.512
diethyl decanedioate	110-40-7	5.0	1.437	0.364	0.347	0.667
diethyl ether	60-29-7	4.3	1.352	0.345	0.293	0.625
diethyl propanedioate	105-53-3	7.9	1.414	0.410	0.333	0.775
diethyl sulfide	352-93-2	7.2	1.442	0.403	0.351	0.756
diethyl sulfite	623-81-4	16.2	1.414	0.455	0.333	0.884
diethylamine	109-89-7	3.7	1.386	0.321	0.315	0.574
diethylene glycol	111-46-6	31.7	1.445	0.477	0.352	0.939
diiodomethane	75-11-6	5.3	1.740	0.371	0.503	0.683
diisopropyl ether	108-20-3	4.0	1.368	0.335	0.304	0.603
diisopropyl sulfide	625-80-9	5.8	1.439	0.381	0.348	0.706
diisopropylamine	108-18-9	3.0	1.392	0.288	0.319	0.505
dimethoxymethane	109-87-5	2.7	1.353	0.266	0.293	0.459
dimethyl butanedioate	106-65-0	5.1	1.420	0.366	0.337	0.672
dimethyl carbonate	616-38-6	3.2	1.368	0.296	0.303	0.520
dimethyl disulfide	624-92-0	9.8	1.525	0.427	0.399	0.814
dimethyl formamide	68-12-2		38	1.430	0.480	0.177	0.949
dimethyl phthalate	131-11-3	8.5	1.515	0.417	0.393	0.789
dimethyl sulfate	77-78-1	50.3	1.386	0.485	0.315	0.961
dimethyl sulfide	75-18-3	6.3	1.435	0.390	0.346	0.726
dimethyl sulfoxide	67-68-5	46.7	1.479	0.484	0.373	0.958
dioxane	123-91-1	2.3	1.422	0.227	0.338	0.385
dipentyl ether	693-65-2	3.1	1.412	0.292	0.332	0.512
dipentyl sulfide	872-10-6	3.8	1.456	0.327	0.359	0.586
diphenyl ether	101-84-8	3.9	1.579	0.330	0.427	0.592
diphenylmethane	101-81-5	2.6	1.575	0.259	0.425	0.446
dipropyl ether	111-43-3	3.4	1.381	0.307	0.312	0.544
dodecane	112-40-3	2.0	1.422	0.200	0.338	0.333
dodecanenitrile	2437-25-4	10.1	1.435	0.429	0.346	0.820
ethanediol	107-21-1	37.7	1.429	0.480	0.343	0.948
ethanethiol	75-08-1	6.9	1.432	0.399	0.344	0.747
ethanol	64-17-5	24.6	1.361	0.470	0.299	0.922
ethoxyacetylene	927-80-0	8.1	1.378	0.412	0.310	0.779
ethyl 2-bromopropionate	535-11-5	9.3	1.449	0.423	0.355	0.806
ethyl 2-hydroxypropanoate	97-64-3	13.1	1.415	0.445	0.334	0.858
ethyl 3-oxobutanoate	141-97-9	15.7	1.419	0.454	0.336	0.880
ethyl 4-oxopentanoate	539-88-8	11.9	1.423	0.440	0.339	0.845
ethyl acetate	141-78-6	6.0	1.372	0.385	0.306	0.715
ethyl benzoate	93-89-0	6.0	1.505	0.385	0.387	0.714
ethyl chloroacetate	105-39-5	12.8	1.421	0.444	0.338	0.855
ethyl dodecanoate	106-33-2	3.4	1.431	0.310	0.344	0.550
ethyl formate	109-94-4	8.4	1.359	0.416	0.297	0.787
ethyl hexanoate	123-66-0	4.6	1.407	0.352	0.329	0.641
ethyl isothiocyanate	542-85-8	19.5	1.510	0.463	0.390	0.902
ethyl nitrate	625-58-1	19.4	1.385	0.462	0.315	0.902
ethyl pentyl ether	17952-11-3	3.6	1.393	0.317	0.320	0.565
ethyl phenyl ether	103-73-1	4.2	1.507	0.341	0.389	0.617
ethyl propiolate	623-47-2	7.0	1.411	0.400	0.331	0.750
ethyl salicylate	118-61-6	8.6	1.522	0.418	0.397	0.792
ethyl thiocyanate	542-90-5	29.3	1.462	0.475	0.363	0.934
ethyl trichloroacetate	515-84-4	7.8	1.450	0.410	0.355	0.773
ethyl undecanoate	627-90-7	3.6	1.428	0.315	0.342	0.560
ethylbenzene	100-41-4	2.4	1.493	0.242	0.381	0.413
ethynylbenzene	536-74-3	3.0	1.548	0.285	0.411	0.499
fluorobenzene	462-06-6	5.6	1.465	0.376	0.364	0.695
formamide	75-12-7	84.0	1.447	0.491	0.354	0.976
formic acid	64-18-6	58.5	1.370	0.487	0.305	0.966
furan	110-00-9	2.9	1.420	0.279	0.337	0.487
furfural	98-01-1	41.9	1.524	0.482	0.398	0.953
g-valerolactone	542-28-9	36.1	1.457	0.480	0.360	0.946
heptane	142-82-5	1.9	1.388	0.190	0.316	0.315
heptanoic acid	111-14-8	2.6	1.422	0.257	0.338	0.443
heptanol	111-70-6	12.1	1.423	0.440	0.339	0.847
hexachloro-1,3-butadiene	87-68-3	2.6	1.556	0.257	0.415	0.443
hexachloroacetone	116-16-5	4.0	1.511	0.333	0.391	0.599
hexachlorocyclopentadiene	77-47-4	2.9	1.564	0.280	0.420	0.488
hexachloropropene	1888-71-7	2.8	1.550	0.271	0.412	0.471
hexadecane	544-76-3	2.1	1.435	0.206	0.346	0.344
hexafluorobenzene	392-56-3	2.1	1.378	0.206	0.310	0.344
hexamethylphosphoramide	680-31-9	30.0	1.466	0.475	0.365	0.935
hexamethylphosphorothioic triamideacid triamide	3732-82-9	39.5	1.507	0.481	0.389	0.951
hexane	110-54-3	1.9	1.375	0.188	0.308	0.310
hexanenitrile	628-73-9	17.3	1.407	0.458	0.329	0.890
hexanoic acid	142-62-1	2.6	1.416	0.260	0.335	0.449
hexanol	111-27-3	13.3	1.418	0.446	0.336	0.860
iodobenzene	591-50-4	4.6	1.620	0.353	0.448	0.643
iodoethane	75-03-6	7.4	1.390	0.405	0.318	0.762
iodomethane	74-88-4	6.9	1.532	0.399	0.402	0.747
m-xylene	108-38-3	2.4	1.497	0.241	0.383	0.412
meso-2,3-dibromobutane2,3-dibromobutane	5780-13-2	6.2	1.515	0.389	0.393	0.724
methanol	67-56-1	32.7	1.328	0.477	0.277	0.941
methoxybenzene	100-66-3	4.3	1.517	0.345	0.394	0.625
methoxysulfinyloxymethane	616-42-2	21.9	1.409	0.467	0.330	0.913
methyl (Z)-9-octadecenoate	112-62-9	3.2	1.455	0.299	0.358	0.528
methyl 2-hydroxybenzoate	119-36-8	9.0	1.537	0.421	0.405	0.800
methyl 2-methyl-2-propenoate	80-62-6	2.9	1.415	0.279	0.334	0.487
methyl 2-propenoate	96-33-3	7.1	1.408	0.402	0.329	0.754
methyl acetate	79-20-9	6.7	1.362	0.396	0.299	0.740
methyl benzoate	93-58-3	6.6	1.517	0.394	0.394	0.737
methyl butanoate	623-42-7	5.5	1.387	0.375	0.316	0.692
methyl decanoate	110-42-9	3.9	1.426	0.328	0.341	0.588
methyl dodecanoate	111-82-0	3.6	1.432	0.317	0.344	0.565
methyl formate	107-31-3	8.5	1.343	0.417	0.287	0.789
methyl hexanoate	106-70-7	4.7	1.405	0.356	0.328	0.649
methyl linoleate	112-63-0	3.2	1.461	0.297	0.362	0.524
methyl octanoate	111-11-5	4.1	1.417	0.338	0.335	0.610
methyl pentanoate	624-24-8	5.0	1.397	0.364	0.322	0.668
methyl propanoate	554-12-1	6.2	1.377	0.389	0.309	0.723
methyl thiocyanate	556-64-9	35.0	1.469	0.479	0.366	0.944
methyl trichloroacetate	598-99-2	8.8	1.457	0.419	0.360	0.796
methyl trifluoroethanoate	431-47-0	11.5	1.291	0.437	0.250	0.839
methylbutane	78-78-4	1.8	1.354	0.178	0.294	0.293
methylcyclohexane	108-87-2	2.0	1.423	0.202	0.339	0.338
methylcyclopentane	96-37-7	2.0	1.410	0.198	0.331	0.330
morpholine	110-91-8	7.4	1.455	0.405	0.358	0.762
N,N,N',N'-tetramethylguanidine	80-70-6	23.1	1.468	0.468	0.366	0.917
N,N,N',N'-tetramethylurea	632-22-4	24.5	1.451	0.470	0.356	0.921
N,N-diethylacetamide	685-91-6	31.3	1.439	0.476	0.349	0.938
N,N-diethylaniline	91-66-7	5.5	1.542	0.375	0.408	0.692
N,N-diethylformamide	617-84-5	29.0	1.434	0.475	0.346	0.933
N,N-dimethylacetamide	127-19-5	37.8	1.438	0.480	0.348	0.948
N,N-dimethylaniline	121-69-7	4.4	1.558	0.347	0.416	0.630
N,N-dimethylcyanamide	1467-79-4	37.2	1.409	0.480	0.330	0.948
N,N-dimethylcyclohexylamine	98-94-2	2.9	1.454	0.277	0.358	0.482
N,N-dimethylformamide	68-12-2	36.7	1.431	0.480	0.343	0.947
N,N-dimethylpropionamide	758-96-3	33.1	1.439	0.478	0.349	0.941
N,N-dimethylthioformamide	758-16-7	47.5	1.574	0.484	0.425	0.959
N-(tert-butyl)benzylamine	3378-72-1	3.2	1.497	0.299	0.383	0.528
N-benzylmethylamine	103-67-3	4.1	1.522	0.336	0.397	0.606
N-ethylaniline	103-69-5	5.8	1.554	0.380	0.414	0.704
N-methylaniline	100-61-8	6.0	1.571	0.385	0.423	0.714
N-methylcyclohexylamine	100-60-7	3.6	1.455	0.319	0.358	0.569
N-methylformanilide	93-61-8	17.2	1.561	0.458	0.418	0.890
N-methylpiperidine	626-67-5	2.6	1.437	0.257	0.347	0.443
N-methylpyrrolidon	872-50-4	32.2	1.470	0.477	0.367	0.940
N-nitrosodimethylamine	62-75-9	53.0	1.436	0.486	0.347	0.963
n-propyl nitrate	627-13-4	13.9	1.397	0.448	0.323	0.866
n-tetradecyl bromide		3.8	1.460	0.327	0.361	0.587
nitrobenzene	98-95-3	34.8	1.552	0.479	0.413	0.944
nitroethane	79-24-3	19.7	1.391	0.463	0.319	0.903
nitromethane	75-52-5	39.4	1.382	0.481	0.313	0.950
nonane	111-84-2	2.0	1.403	0.195	0.326	0.324
octadecafluoronaphthalene	306-94-5	1.9	1.315	0.182	0.267	0.301
octadecanoic acid	57-11-4	2.3	1.430	0.231	0.343	0.392
octane	111-65-9	2.0	1.395	0.195	0.321	0.324
octanoic acid	124-07-2	3.2	1.428	0.297	0.342	0.524
octanol	111-87-5	10.3	1.427	0.431	0.341	0.823
oxane	142-68-7	5.7	1.420	0.379	0.337	0.701
oxolan-2-one	96-48-0	41.0	1.437	0.482	0.347	0.952
p-xylene	106-42-3	2.3	1.495	0.232	0.382	0.394
pentachloroethane	76-01-7	3.9	1.503	0.330	0.386	0.592
pentadecane	629-62-9	2.1	1.432	0.206	0.344	0.344
pentafluorobenzene	363-72-4	4.4	1.391	0.346	0.319	0.627
pentanal	110-62-3	10.1	1.405	0.429	0.327	0.820
pentane	109-66-0	1.8	1.358	0.180	0.296	0.297
pentanenitrile	110-59-8	17.7	1.397	0.459	0.322	0.893
pentanoic acid	109-52-4	2.6	1.408	0.258	0.329	0.444
pentanol	71-41-0	13.9	1.408	0.448	0.329	0.866
pentyl acetate	628-63-7	4.8	1.402	0.357	0.326	0.652
pentyl formate	638-49-3	6.5	1.400	0.393	0.324	0.733
pentylamine	110-58-7	4.5	1.411	0.350	0.332	0.636
perfluoro-n-heptane	355-57-9	1.8	1.261	0.168	0.228	0.275
perfluoro-n-octane	307-34-6	1.8	1.284	0.175	0.245	0.288
perfluoromethylcyclohexane	355-02-2	1.9	1.300	0.182	0.257	0.301
perfluorotributylamine	311-89-7	1.9	1.291	0.188	0.250	0.310
perhydrofluorene	5744-03-6	2.3	1.502	0.233	0.386	0.396
phenol	108-95-2	10.0	1.542	0.429	0.408	0.818
phenyl acetate	122-79-2	5.2	1.503	0.369	0.386	0.679
phosphorus oxychloride	10025-87-3	13.5	1.460	0.446	0.361	0.862
piperidine	110-89-4	5.9	1.453	0.383	0.357	0.710
propanal	123-38-6	18.5	1.380	0.461	0.311	0.897
propanenitrile	107-12-0	27.7	1.366	0.473	0.302	0.930
propanoic acid	79-09-4	3.1	1.386	0.292	0.315	0.512
propanol	71-23-8	20.3	1.386	0.464	0.315	0.906
propyl acetate	109-60-4	6.3	1.384	0.390	0.314	0.726
propyl formate	110-74-7	7.7	1.377	0.409	0.309	0.771
propyl pentanoate	141-06-0	4.0	1.407	0.333	0.329	0.600
pyridine	110-86-1	12.4	1.510	0.442	0.390	0.851
pyrrole	109-97-7	7.5	1.509	0.406	0.390	0.765
quadricyclane	278-06-8	2.3	1.485	0.231	0.376	0.392
quinoline	91-22-5	9.0	1.626	0.421	0.451	0.800
sulfolane	126-33-0	44.0	1.471	0.483	0.368	0.956
sulfur monochloride	10025-67-9	4.8	1.650	0.358	0.463	0.655
tetrachloroethene	127-18-4	2.3	1.504	0.232	0.387	0.394
tetrachloromethane	56-23-5	2.2	1.460	0.226	0.361	0.382
tetradecafluorohexane	355-42-0	1.6	1.251	0.138	0.220	0.222
tetrahydrofuran	109-99-9	7.6	1.407	0.407	0.329	0.767
tetrahydronaphthalene	119-64-2	2.8	1.539	0.271	0.406	0.469
tetramethylsilane	75-76-3	1.9	1.359	0.190	0.297	0.315
thiane	1613-51-0	6.6	1.506	0.394	0.388	0.736
thioanisole	100-68-5	4.8	1.585	0.357	0.431	0.653
thiolane	110-01-0	8.6	1.503	0.418	0.386	0.792
thiolane-1-oxide	1600-44-8	42.8	1.520	0.483	0.396	0.954
thiophene	110-02-1	2.7	1.529	0.266	0.401	0.460
toluene	108-88-3	2.4	1.497	0.240	0.383	0.408
trans,trans,cis-1,5,9-cyclododecatriene	2765-29-9	2.4	1.507	0.242	0.389	0.413
trans-1,2-dichloroethene	156-60-5	2.3	1.446	0.229	0.353	0.388
triacetin	102-76-1	7.0	1.428	0.400	0.342	0.750
tribromomethane	75-25-2	4.4	1.595	0.347	0.436	0.630
tributyl phosphate	126-73-8	8.3	1.424	0.415	0.339	0.785
tributylamine	102-82-9	2.3	1.428	0.231	0.342	0.392
trichloroacetaldehyde	75-87-6	4.9	1.457	0.362	0.360	0.663
trichloroacetic anhydride	4124-31-6	5.0	1.484	0.364	0.375	0.667
trichloroethanenitrile	545-06-2	7.7	1.440	0.409	0.349	0.771
trichloroethene	79-01-6	3.4	1.475	0.309	0.370	0.548
trichlorofluoromethane	75-69-4	2.4	1.383	0.240	0.313	0.408
trichloromethane	67-66-3	4.8	1.446	0.359	0.353	0.656
tricyclo[5.2.1.02,6]deca-3,8-diene	77-73-6	2.5	1.511	0.249	0.391	0.427
triethyl phosphate	78-40-0	13.0	1.405	0.444	0.328	0.857
triethylamine	121-44-8	2.4	1.401	0.243	0.325	0.415
trifluoroacetic acid	76-05-1	8.6	1.285	0.417	0.246	0.791
trifluoromethylbenzene	98-08-8	9.4	1.415	0.424	0.334	0.808
trimethyl phosphate	512-56-1	21.3	1.395	0.466	0.321	0.910
tripropyl phosphate	513-08-6	10.9	1.417	0.434	0.335	0.832
undecane	1120-21-4	2.0	1.417	0.201	0.335	0.334
undecanenitrile	2244-07-7	10.9	1.433	0.434	0.345	0.831
vinyl acetate	108-05-4	2.3	1.396	0.232	0.322	0.394
vinyl benzene	100-42-5	2.4	1.546	0.244	0.410	0.417
water	7732-18-5	80.1	1.333	0.491	0.280	0.975
DMSO	67-68-5	46.7	1.479	0.484	0.373	0.958
DMS	75-18-3	6.3	1.435	0.390	0.346	0.726
THF	109-99-9	7.6	1.407	0.407	0.329	0.767
DCM	75-09-2	8.9	1.424	0.420	0.340	0.799
DMF	68-12-2		38	1.430	0.480	0.177	0.949
TEA	121-44-8	2.4	1.401	0.243	0.325	0.415